iso3,intercept_dev,slope_dev,total_slope,total_slope_per_decade,region_who,dtp3_2000,dtp3_2023
NER,-28.116,2.028,2.03,20.303,AFRO,36.333,83.667
SLE,-16.603,1.663,1.665,16.653,AFRO,45,91.333
UGA,-16.256,1.571,1.573,15.728,AFRO,54.667,90.333
GNQ,-50.944,1.476,1.478,14.779,AFRO,37,70.333
TCD,-52.177,1.458,1.46,14.598,AFRO,29.667,65
COG,-23.199,1.436,1.438,14.376,AFRO,35,77.667
SOM,-37.053,1.423,1.425,14.248,EMRO,NA,67.333
NGA,-46.588,1.403,1.405,14.052,AFRO,27,62.333
LBR,-22.23,1.334,1.336,13.357,AFRO,43.667,76.333
IND,-18.755,1.23,1.232,12.325,SEARO,58.667,89.667
GAB,-30.566,1.19,1.192,11.921,AFRO,45,68.333
COD,-19.172,1.117,1.119,11.19,AFRO,32.667,63.333
ETH,-30.357,0.985,0.987,9.871,AFRO,32.333,65.333
PAK,-21.899,0.983,0.985,9.848,EMRO,61,84.667
SEN,-3.164,0.978,0.98,9.798,AFRO,54.667,90
AGO,-37.424,0.96,0.962,9.618,AFRO,40,58.333
TLS,-16.818,0.86,0.862,8.616,SEARO,NA,83
TGO,-4.64,0.854,0.856,8.56,AFRO,57.667,87.667
LAO,-25.878,0.836,0.838,8.377,WPRO,52,69.667
BFA,1.609,0.813,0.815,8.146,AFRO,58.667,91
NRU,-2.966,0.809,0.811,8.109,WPRO,73,98.667
SDN,-4.367,0.751,0.753,7.53,EMRO,62.667,73
KHM,-6.979,0.705,0.707,7.068,WPRO,57.667,84.667
MHL,-13.128,0.7,0.702,7.016,WPRO,55.667,85.667
TUR,-3.782,0.692,0.694,6.94,EURO,83.667,97.667
MLI,-13.423,0.689,0.691,6.907,AFRO,51,75.667
GNB,-7.035,0.685,0.687,6.87,AFRO,53,71.667
IRQ,-15.162,0.677,0.679,6.79,EMRO,NA,87.333
MRT,-8.517,0.623,0.625,6.245,AFRO,71.667,84
NPL,4.448,0.608,0.61,6.098,SEARO,72.667,91.667
KIR,-0.281,0.519,0.521,5.211,WPRO,84,90.333
KEN,0.115,0.511,0.513,5.134,AFRO,82,94
GHA,7.496,0.487,0.489,4.891,AFRO,81.667,97.333
ZAF,-13.429,0.456,0.458,4.58,AFRO,71.333,83.333
NAM,-7.874,0.452,0.454,4.539,AFRO,78,87
ERI,14.486,0.399,0.401,4.008,AFRO,85.667,NA
CIV,-7.457,0.366,0.368,3.685,AFRO,65.333,75
IDN,-8.579,0.366,0.368,3.68,SEARO,73.667,80.333
BDI,16.118,0.338,0.34,3.402,AFRO,80.667,91.333
VUT,-13.994,0.324,0.326,3.258,WPRO,70.333,67.333
GRC,-1.938,0.313,0.315,3.15,EURO,90.667,97.333
TJK,9.039,0.311,0.313,3.126,EURO,84.333,96.667
AFG,-17.405,0.295,0.297,2.974,EMRO,36,57.667
MLT,-4.673,0.281,0.283,2.832,EURO,94.667,98.333
BRN,-2.506,0.271,0.273,2.732,WPRO,96.667,99
CHN,1.994,0.271,0.273,2.725,WPRO,85.667,98
CRI,-2.076,0.232,0.234,2.339,AMRO,91,95.667
NOR,-11.553,0.228,0.23,2.295,EURO,91.333,96.667
CUB,4.932,0.209,0.211,2.112,AMRO,97.333,99
IRL,-13.714,0.192,0.194,1.935,EURO,84.333,93.333
ARE,-5.152,0.182,0.184,1.842,EMRO,94,96
AUT,-17.429,0.18,0.182,1.822,EURO,82.667,85.667
LSO,7.098,0.175,0.177,1.77,AFRO,82.667,92.333
DOM,-3.649,0.171,0.173,1.726,AMRO,77.333,87.333
BGD,12.05,0.154,0.156,1.561,SEARO,83.333,97
ZMB,7.768,0.144,0.146,1.463,AFRO,84.667,91
JPN,-2.141,0.144,0.146,1.462,WPRO,92,98.667
CHE,-11.589,0.143,0.145,1.452,EURO,93,95.667
ISR,-0.72,0.136,0.138,1.378,EURO,91.667,98
SLB,1.804,0.122,0.124,1.244,WPRO,82.667,86.667
PRT,-1.831,0.11,0.112,1.124,EURO,97,99
BLR,8.694,0.105,0.107,1.069,EURO,99,98
ITA,-6.038,0.089,0.091,0.909,EURO,91,94.667
QAT,-3.242,0.081,0.083,0.831,EMRO,89.667,97
HTI,-20.878,0.066,0.068,0.677,AMRO,47.333,50
DNK,-6.535,0.064,0.066,0.656,EURO,97.333,97
BEL,-1.926,0.063,0.065,0.647,EURO,95,98
MWI,13.262,0.06,0.062,0.625,AFRO,76.333,90
BTN,8.998,0.049,0.051,0.513,SEARO,88.667,98.333
AUS,-7.774,0.049,0.051,0.51,WPRO,91.333,94.333
LUX,-4.951,0.04,0.042,0.42,EURO,99,99
GEO,1.982,0.039,0.041,0.414,EURO,83.667,86
BHR,6.245,0.035,0.037,0.374,EMRO,98,98
GBR,-7.081,0.034,0.036,0.361,EURO,91,92.333
OMN,6.277,0.033,0.035,0.354,EMRO,99,99
FJI,9.32,0.033,0.035,0.353,WPRO,91.333,97
GUY,2.455,0.029,0.031,0.311,AMRO,88,98
SLV,7.878,0.027,0.029,0.294,AMRO,90.667,96
MAR,14.223,0.026,0.028,0.284,EMRO,95,97.667
IRN,12.344,0.016,0.018,0.175,EMRO,98,98.667
PLW,-0.322,0.002,0.004,0.044,WPRO,97.667,95.333
TTO,-3.357,-0.003,-0.001,-0.006,AMRO,92.333,94.333
AND,0.448,-0.007,-0.005,-0.048,EURO,97,98.333
CAN,-8.645,-0.01,-0.008,-0.083,AMRO,88.667,92
STP,19.846,-0.02,-0.018,-0.182,AFRO,88.667,92
COL,3.865,-0.027,-0.025,-0.245,AMRO,80,88
COM,-2.168,-0.027,-0.025,-0.255,AFRO,76.333,75
JAM,5.499,-0.031,-0.029,-0.293,AMRO,96,95.667
BRB,-7.103,-0.037,-0.035,-0.35,AMRO,88,84.333
TON,8.783,-0.04,-0.038,-0.375,WPRO,93,99
SWZ,0.614,-0.05,-0.048,-0.477,AFRO,84.333,86.333
NZL,-5.809,-0.058,-0.056,-0.562,WPRO,90,89
CMR,-0.536,-0.069,-0.067,-0.673,AFRO,63.667,72.333
GMB,21.245,-0.076,-0.074,-0.741,AFRO,84.667,81.667
HUN,6.755,-0.079,-0.077,-0.766,EURO,99,99
DZA,7.023,-0.079,-0.077,-0.773,AFRO,87,83.333
TUN,14.032,-0.081,-0.079,-0.785,EMRO,97,97
SAU,5.23,-0.084,-0.082,-0.816,EMRO,95.667,97.333
MDV,3.645,-0.098,-0.096,-0.963,SEARO,98,97
TZA,14.377,-0.099,-0.097,-0.971,AFRO,85,85.333
RWA,19.117,-0.099,-0.097,-0.973,AFRO,85,93.333
MYS,9.243,-0.099,-0.097,-0.974,WPRO,96,95.667
CPV,12.463,-0.103,-0.101,-1.007,AFRO,90.333,93
KOR,1.494,-0.103,-0.101,-1.009,WPRO,97,98
KAZ,7.177,-0.116,-0.114,-1.137,EURO,95.667,97.667
MCO,-2.784,-0.117,-0.114,-1.145,EURO,99,99
GTM,2.27,-0.128,-0.126,-1.26,AMRO,80,83
ZWE,12.004,-0.134,-0.132,-1.317,AFRO,NA,89.333
SRB,5.558,-0.143,-0.141,-1.407,EURO,94.333,92
TUV,8.709,-0.146,-0.144,-1.44,WPRO,92,93
RUS,9.384,-0.147,-0.145,-1.448,EURO,96.333,97
PSE,20.127,-0.153,-0.151,-1.509,EMRO,95.667,93.667
ESP,0.728,-0.153,-0.151,-1.509,EURO,96.333,93.667
SGP,1.441,-0.154,-0.152,-1.517,WPRO,96,97.667
THA,9.353,-0.164,-0.162,-1.616,SEARO,96.333,92
ATG,-0.869,-0.171,-0.169,-1.694,AMRO,96.667,96
CHL,6.344,-0.173,-0.171,-1.706,AMRO,95,95.667
KWT,6.815,-0.176,-0.174,-1.738,EMRO,98.667,96.333
CYP,1.669,-0.177,-0.175,-1.751,EURO,97.333,95.667
NLD,-1.123,-0.18,-0.178,-1.783,EURO,97,93.333
LCA,-5.174,-0.184,-0.182,-1.818,AMRO,81,78.333
FRA,-0.396,-0.188,-0.186,-1.862,EURO,97,96
MUS,4.423,-0.191,-0.189,-1.895,AFRO,89.333,95.333
SVN,-2.943,-0.192,-0.19,-1.901,EURO,92,88
MNG,17.285,-0.192,-0.19,-1.905,WPRO,95.667,95.333
USA,-5.608,-0.193,-0.191,-1.909,AMRO,94,94
BWA,10.308,-0.198,-0.196,-1.958,AFRO,97,92
ALB,13.185,-0.198,-0.196,-1.961,EURO,97.333,97.333
URY,6.096,-0.199,-0.197,-1.974,AMRO,93,93.333
GIN,-16.364,-0.202,-0.2,-2,AFRO,49.667,58
JOR,16.208,-0.207,-0.205,-2.054,EMRO,95,91
SWE,0.522,-0.211,-0.209,-2.091,EURO,99,95.333
SYC,4.473,-0.213,-0.211,-2.114,AFRO,97.667,96
HRV,2.173,-0.224,-0.222,-2.215,EURO,94,92.333
TKM,12.552,-0.23,-0.228,-2.28,EURO,96.667,97.667
LVA,5.808,-0.236,-0.234,-2.344,EURO,96.667,95.667
KNA,0.426,-0.249,-0.247,-2.471,AMRO,98.333,96
LKA,11.136,-0.25,-0.248,-2.481,SEARO,98.333,97.667
WSM,-11.335,-0.269,-0.267,-2.665,WPRO,93.333,81.333
BEN,3.346,-0.272,-0.27,-2.698,AFRO,76.333,69.333
VCT,9.863,-0.281,-0.279,-2.795,AMRO,98.667,95
DEU,-3.226,-0.282,-0.28,-2.804,EURO,92,90
SMR,-3.947,-0.285,-0.283,-2.831,EURO,97,91
PHL,4.055,-0.289,-0.287,-2.874,WPRO,78.667,80.667
ARM,11.575,-0.308,-0.306,-3.065,EURO,93.667,93.333
UZB,19.103,-0.31,-0.308,-3.076,EURO,99,98.667
CZE,6.342,-0.313,-0.311,-3.114,EURO,98,92.667
EGY,14.598,-0.319,-0.317,-3.169,EMRO,98,96.333
LBN,-3.867,-0.326,-0.324,-3.236,EMRO,80,62.333
ISL,-0.936,-0.332,-0.33,-3.297,EURO,95,92
MDG,0.705,-0.349,-0.347,-3.467,AFRO,59.667,59
SVK,5.936,-0.355,-0.353,-3.534,EURO,99,96.667
CAF,-22.505,-0.362,-0.36,-3.6,AFRO,40.333,36
BGR,9.165,-0.373,-0.371,-3.708,EURO,93.333,90.667
BHS,2.09,-0.431,-0.429,-4.286,AMRO,97.333,86.667
SUR,-6.609,-0.435,-0.433,-4.331,AMRO,70.667,73.667
EST,3.36,-0.435,-0.433,-4.335,EURO,93.667,87
FIN,-0.176,-0.459,-0.457,-4.572,EURO,98.333,90.333
POL,9.3,-0.462,-0.46,-4.604,EURO,98.333,94.333
LTU,5.643,-0.463,-0.461,-4.61,EURO,94.667,90
YEM,-7.268,-0.468,-0.466,-4.656,EMRO,70.667,NA
KGZ,20.784,-0.495,-0.493,-4.934,EURO,98.667,88.333
BLZ,9.044,-0.498,-0.496,-4.961,AMRO,92,84
MOZ,10.56,-0.517,-0.515,-5.149,AFRO,73,60.333
BOL,7.796,-0.55,-0.548,-5.479,AMRO,74.333,68.667
FSM,-3.279,-0.553,-0.551,-5.511,WPRO,81.333,73.333
MKD,11.219,-0.57,-0.568,-5.676,EURO,94,83.667
PER,12.107,-0.632,-0.63,-6.301,AMRO,94.333,82.667
MDA,12.362,-0.65,-0.648,-6.483,EURO,96.333,87.333
MMR,9.813,-0.674,-0.672,-6.717,SEARO,78,59.667
GRD,6.543,-0.692,-0.69,-6.905,AMRO,97,80
VEN,-4.511,-0.695,-0.693,-6.93,AMRO,NA,51
ARG,7.707,-0.702,-0.7,-6.997,AMRO,86.333,77
DMA,13.485,-0.705,-0.703,-7.026,AMRO,98.667,76.667
VNM,11.844,-0.705,-0.703,-7.031,WPRO,89,79.667
PRY,9.71,-0.758,-0.756,-7.562,AMRO,87.333,70
HND,18.507,-0.763,-0.761,-7.612,AMRO,95,76
BIH,3.566,-0.801,-0.799,-7.989,EURO,85.333,74.667
MEX,12.57,-0.89,-0.888,-8.881,AMRO,97,82
LBY,14.497,-0.896,-0.894,-8.944,EMRO,93.667,73
ROU,10.582,-0.935,-0.933,-9.326,EURO,98.667,83.333
MNE,14.928,-1.002,-1,-9.997,EURO,NA,81.333
ECU,10.044,-1.008,-1.006,-10.062,AMRO,88,70.667
PAN,7.837,-1.102,-1.1,-10.995,AMRO,98.667,80
SYR,8.472,-1.102,-1.1,-10.999,EMRO,85,60
BRA,16.757,-1.106,-1.104,-11.04,AMRO,98.333,78.333
DJI,15.656,-1.164,-1.162,-11.62,EMRO,NA,63.333
AZE,0.876,-1.177,-1.175,-11.746,EURO,76.333,50.333
PNG,-14.798,-1.567,-1.565,-15.648,WPRO,58.333,34.667
UKR,16.438,-2.302,-2.3,-23.004,EURO,99,78
